INDICATOR_CODE,PROVIDER_CODE,PROVIDER_NAME,DENOMINATOR,Q1_NUMERATOR,Q2_NUMERATOR,Q3_NUMERATOR,Q4_NUMERATOR,Q5_NUMERATOR,NULL_NUMERATOR,Q1_RATE,Q2_RATE,Q3_RATE,Q4_RATE,Q5_RATE,NULL_RATE
I00743,ENG,"ENGLAND",239727,49995,48068,48633,47103,43376,2552,21,20,20,20,18,1
I00743,RCF,"AIREDALE NHS FOUNDATION TRUST",870,155,95,225,220,175,0,18,11,26,25,20,0
I00743,RTK,"ASHFORD AND ST PETER'S HOSPITALS NHS FOUNDATION TRUST",1350,*,160,260,345,580,*,*,12,19,26,43,*
I00743,RF4,"BARKING, HAVERING AND REDBRIDGE UNIVERSITY HOSPITALS NHS TRUST",2120,315,470,580,380,275,100,15,22,27,18,13,5
I00743,RFF,"BARNSLEY HOSPITAL NHS FOUNDATION TRUST",1265,510,330,220,125,60,20,40,26,17,10,5,2
I00743,R1H,"BARTS HEALTH NHS TRUST",2890,755,1215,410,285,180,40,26,42,14,10,6,1
I00743,RC9,"BEDFORDSHIRE HOSPITALS NHS FOUNDATION TRUST",2350,305,500,485,440,605,10,13,21,21,19,26,0
I00743,RXL,"BLACKPOOL TEACHING HOSPITALS NHS FOUNDATION TRUST",1835,585,445,315,335,155,*,32,24,17,18,8,*
I00743,RMC,"BOLTON NHS FOUNDATION TRUST",1450,710,235,140,215,140,10,49,16,10,15,10,1
I00743,RAE,"BRADFORD TEACHING HOSPITALS NHS FOUNDATION TRUST",1500,705,385,200,125,60,25,47,26,13,8,4,2
I00743,RXQ,"BUCKINGHAMSHIRE HEALTHCARE NHS TRUST",1470,10,135,210,405,710,*,1,9,14,28,48,*
I00743,RWY,"CALDERDALE AND HUDDERSFIELD NHS FOUNDATION TRUST",2075,550,460,460,370,215,10,27,22,22,18,10,0
I00743,RGT,"CAMBRIDGE UNIVERSITY HOSPITALS NHS FOUNDATION TRUST",1010,40,110,225,290,345,*,4,11,22,29,34,*
I00743,RQM,"CHELSEA AND WESTMINSTER HOSPITAL NHS FOUNDATION TRUST",1235,90,365,370,220,130,55,7,30,30,18,11,4
I00743,RFS,"CHESTERFIELD ROYAL HOSPITAL NHS FOUNDATION TRUST",1520,260,380,290,280,295,10,17,25,19,18,19,1
I00743,RJR,"COUNTESS OF CHESTER HOSPITAL NHS FOUNDATION TRUST",1180,180,150,115,205,300,225,15,13,10,17,25,19
I00743,RXP,"COUNTY DURHAM AND DARLINGTON NHS FOUNDATION TRUST",2715,780,805,390,370,355,15,29,30,14,14,13,1
I00743,RJ6,"CROYDON HEALTH SERVICES NHS TRUST",955,170,285,200,185,110,*,18,30,21,19,12,*
I00743,RN7,"DARTFORD AND GRAVESHAM NHS TRUST",1265,200,235,275,295,255,*,16,19,22,23,20,*
I00743,RP5,"DONCASTER AND BASSETLAW TEACHING HOSPITALS NHS FOUNDATION TRUST",2140,750,475,410,370,135,0,35,22,19,17,6,0
I00743,RBD,"DORSET COUNTY HOSPITAL NHS FOUNDATION TRUST",1080,100,210,360,320,90,0,9,19,33,30,8,0
I00743,RWH,"EAST AND NORTH HERTFORDSHIRE NHS TRUST",1840,75,290,495,365,610,*,4,16,27,20,33,*
I00743,RJN,"EAST CHESHIRE NHS TRUST",670,30,120,95,170,255,0,4,18,14,25,38,0
I00743,RVV,"EAST KENT HOSPITALS UNIVERSITY NHS FOUNDATION TRUST",3035,600,635,740,760,290,15,20,21,24,25,10,0
I00743,RXR,"EAST LANCASHIRE HOSPITALS NHS TRUST",2190,945,470,250,350,175,*,43,21,11,16,8,*
I00743,RDE,"EAST SUFFOLK AND NORTH ESSEX NHS FOUNDATION TRUST",3640,655,700,965,655,615,45,18,19,27,18,17,1
I00743,RXC,"EAST SUSSEX HEALTHCARE NHS TRUST",2155,320,450,620,570,190,*,15,21,29,26,9,*
I00743,RVR,"EPSOM AND ST HELIER UNIVERSITY HOSPITALS NHS TRUST",1395,40,165,150,375,665,*,3,12,11,27,48,*
I00743,RDU,"FRIMLEY HEALTH NHS FOUNDATION TRUST",2895,70,365,455,615,1380,15,2,13,16,21,48,1
I00743,RR7,"GATESHEAD HEALTH NHS FOUNDATION TRUST",1275,425,365,170,215,90,*,33,29,13,17,7,*
I00743,RLT,"GEORGE ELIOT HOSPITAL NHS TRUST",900,160,270,195,180,90,*,18,30,22,20,10,*
I00743,RTE,"GLOUCESTERSHIRE HOSPITALS NHS FOUNDATION TRUST",2610,230,310,630,640,790,10,9,12,24,25,30,0
I00743,RN3,"GREAT WESTERN HOSPITALS NHS FOUNDATION TRUST",1560,150,195,335,510,360,*,10,13,21,33,23,*
I00743,RJ1,"GUY'S AND ST THOMAS' NHS FOUNDATION TRUST",1405,245,510,290,185,160,15,17,36,21,13,11,1
I00743,RN5,"HAMPSHIRE HOSPITALS NHS FOUNDATION TRUST",1905,20,280,265,555,785,*,1,15,14,29,41,*
I00743,RCD,"HARROGATE AND DISTRICT NHS FOUNDATION TRUST",840,20,30,195,270,330,0,2,4,23,32,39,0
I00743,RQX,"HOMERTON UNIVERSITY HOSPITAL NHS FOUNDATION TRUST",490,220,235,30,*,*,*,45,48,6,*,*,*
I00743,RWA,"HULL UNIVERSITY TEACHING HOSPITALS NHS TRUST",2825,845,535,440,490,510,*,30,19,16,17,18,*
I00743,RYJ,"IMPERIAL COLLEGE HEALTHCARE NHS TRUST",1810,420,575,365,290,135,30,23,32,20,16,7,2
I00743,R1F,"ISLE OF WIGHT NHS TRUST",875,100,315,245,175,40,*,11,36,28,20,5,*
I00743,RGP,"JAMES PAGET UNIVERSITY HOSPITALS NHS FOUNDATION TRUST",1355,325,375,430,150,60,*,24,28,32,11,4,*
I00743,RNQ,"KETTERING GENERAL HOSPITAL NHS FOUNDATION TRUST",1435,205,285,340,325,260,25,14,20,24,23,18,2
I00743,RJZ,"KING'S COLLEGE HOSPITAL NHS FOUNDATION TRUST",2610,410,600,410,545,600,45,16,23,16,21,23,2
I00743,RAX,"KINGSTON HOSPITAL NHS FOUNDATION TRUST",915,15,85,145,240,425,*,2,9,16,26,46,*
I00743,RXN,"LANCASHIRE TEACHING HOSPITALS NHS FOUNDATION TRUST",1895,420,345,285,460,380,*,22,18,15,24,20,*
I00743,RR8,"LEEDS TEACHING HOSPITALS NHS TRUST",3580,1265,540,610,685,470,15,35,15,17,19,13,0
I00743,RJ2,"LEWISHAM AND GREENWICH NHS TRUST",1900,355,580,435,310,215,10,19,31,23,16,11,1
I00743,REM,"LIVERPOOL UNIVERSITY HOSPITALS NHS FOUNDATION TRUST",3270,1955,440,320,330,135,85,60,13,10,10,4,3
I00743,R1K,"LONDON NORTH WEST UNIVERSITY HEALTHCARE NHS TRUST",2110,250,580,675,395,205,*,12,27,32,19,10,*
I00743,RWF,"MAIDSTONE AND TUNBRIDGE WELLS NHS TRUST",2085,105,235,510,465,765,*,5,11,24,22,37,*
I00743,R0A,"MANCHESTER UNIVERSITY NHS FOUNDATION TRUST",3180,1330,610,385,455,375,25,42,19,12,14,12,1
I00743,RPA,"MEDWAY NHS FOUNDATION TRUST",1365,330,380,265,235,135,20,24,28,19,17,10,1
I00743,RAJ,"MID AND SOUTH ESSEX NHS FOUNDATION TRUST",5010,545,985,1040,1205,1180,55,11,20,21,24,24,1
I00743,RBT,"MID CHESHIRE HOSPITALS NHS FOUNDATION TRUST",1320,185,245,250,285,340,15,14,19,19,22,26,1
I00743,RXF,"MID YORKSHIRE HOSPITALS NHS TRUST",2310,815,580,415,365,130,10,35,25,18,16,6,0
I00743,RD8,"MILTON KEYNES UNIVERSITY HOSPITAL NHS FOUNDATION TRUST",1050,110,170,185,365,215,10,10,16,18,35,20,1
I00743,RM1,"NORFOLK AND NORWICH UNIVERSITY HOSPITALS NHS FOUNDATION TRUST",3085,305,550,965,780,465,25,10,18,31,25,15,1
I00743,RVJ,"NORTH BRISTOL NHS TRUST",2075,235,355,375,465,595,55,11,17,18,22,29,3
I00743,RNN,"NORTH CUMBRIA INTEGRATED CARE NHS FOUNDATION TRUST",1665,300,430,385,330,215,*,18,26,23,20,13,*
I00743,RAP,"NORTH MIDDLESEX UNIVERSITY HOSPITAL NHS TRUST",1050,360,310,150,160,30,35,34,30,14,15,3,3
I00743,RVW,"NORTH TEES AND HARTLEPOOL NHS FOUNDATION TRUST",1515,670,270,190,205,180,0,44,18,13,14,12,0
I00743,RGN,"NORTH WEST ANGLIA NHS FOUNDATION TRUST",2545,355,355,655,640,525,15,14,14,26,25,21,1
I00743,RNS,"NORTHAMPTON GENERAL HOSPITAL NHS TRUST",1615,225,335,250,490,305,15,14,21,15,30,19,1
I00743,RM3,"NORTHERN CARE ALLIANCE NHS FOUNDATION TRUST",3905,1660,865,565,500,305,10,43,22,14,13,8,0
I00743,RBZ,"NORTHERN DEVON HEALTHCARE NHS TRUST",915,80,375,260,160,35,*,9,41,28,17,4,*
I00743,RJL,"NORTHERN LINCOLNSHIRE AND GOOLE NHS FOUNDATION TRUST",2070,520,465,390,410,285,*,25,22,19,20,14,*
I00743,RTF,"NORTHUMBRIA HEALTHCARE NHS FOUNDATION TRUST",2555,655,600,460,425,410,*,26,23,18,17,16,*
I00743,RX1,"NOTTINGHAM UNIVERSITY HOSPITALS NHS TRUST",3800,910,660,675,655,895,*,24,17,18,17,24,*
I00743,RTH,"OXFORD UNIVERSITY HOSPITALS NHS FOUNDATION TRUST",2975,140,230,460,840,1295,10,5,8,15,28,44,0
I00743,RHU,"PORTSMOUTH HOSPITALS UNIVERSITY NATIONAL HEALTH SERVICE TRUST",2540,360,460,505,510,690,10,14,18,20,20,27,0
I00743,RHW,"ROYAL BERKSHIRE NHS FOUNDATION TRUST",1785,55,190,245,320,885,95,3,11,14,18,50,5
I00743,REF,"ROYAL CORNWALL HOSPITALS NHS TRUST",2090,300,880,575,290,45,*,14,42,28,14,2,*
I00743,RH8,"ROYAL DEVON AND EXETER NHS FOUNDATION TRUST",1985,70,320,650,485,460,*,4,16,33,24,23,*
I00743,RAL,"ROYAL FREE LONDON NHS FOUNDATION TRUST",2110,205,425,555,540,355,25,10,20,26,26,17,1
I00743,RA2,"ROYAL SURREY COUNTY HOSPITAL NHS FOUNDATION TRUST",1045,10,50,120,270,590,10,1,5,11,26,56,1
I00743,RD1,"ROYAL UNITED HOSPITALS BATH NHS FOUNDATION TRUST",1650,70,210,435,395,535,*,4,13,26,24,32,*
I00743,RNZ,"SALISBURY NHS FOUNDATION TRUST",955,25,130,290,220,280,*,3,14,30,23,29,*
I00743,RXK,"SANDWELL AND WEST BIRMINGHAM HOSPITALS NHS TRUST",1535,1000,280,180,35,*,35,65,18,12,2,*,2
I00743,RHQ,"SHEFFIELD TEACHING HOSPITALS NHS FOUNDATION TRUST",2865,1100,410,525,420,400,10,38,14,18,15,14,0
I00743,RK5,"SHERWOOD FOREST HOSPITALS NHS FOUNDATION TRUST",1790,510,500,365,250,160,*,28,28,20,14,9,*
I00743,RH5,"SOMERSET NHS FOUNDATION TRUST",1780,205,470,620,295,185,*,12,26,35,17,10,*
I00743,RTR,"SOUTH TEES HOSPITALS NHS FOUNDATION TRUST",2390,830,455,345,450,310,*,35,19,14,19,13,*
I00743,R0B,"SOUTH TYNESIDE AND SUNDERLAND NHS FOUNDATION TRUST",2840,1335,695,370,285,145,10,47,24,13,10,5,0
I00743,RJC,"SOUTH WARWICKSHIRE NHS FOUNDATION TRUST",1135,*,90,245,415,365,10,*,8,22,37,32,1
I00743,RVY,"SOUTHPORT AND ORMSKIRK HOSPITAL NHS TRUST",1110,220,105,350,225,190,20,20,9,32,20,17,2
I00743,RJ7,"ST GEORGE'S UNIVERSITY HOSPITALS NHS FOUNDATION TRUST",1520,65,300,400,345,380,30,4,20,26,23,25,2
I00743,RBN,"ST HELENS AND KNOWSLEY TEACHING HOSPITALS NHS TRUST",2140,1030,445,325,190,145,*,48,21,15,9,7,*
I00743,RWJ,"STOCKPORT NHS FOUNDATION TRUST",1495,275,305,265,255,395,*,18,20,18,17,26,*
I00743,RTP,"SURREY AND SUSSEX HEALTHCARE NHS TRUST",1655,15,240,405,410,575,10,1,15,24,25,35,1
I00743,RMP,"TAMESIDE AND GLOSSOP INTEGRATED CARE NHS FOUNDATION TRUST",1085,510,240,195,105,40,0,47,22,18,10,4,0
I00743,RNA,"THE DUDLEY GROUP NHS FOUNDATION TRUST",1970,585,420,295,390,285,*,30,21,15,20,14,*
I00743,RAS,"THE HILLINGDON HOSPITALS NHS FOUNDATION TRUST",800,50,290,175,135,150,*,6,36,22,17,19,*
I00743,RTD,"THE NEWCASTLE UPON TYNE HOSPITALS NHS FOUNDATION TRUST",2355,840,390,305,315,380,125,36,17,13,13,16,5
I00743,RQW,"THE PRINCESS ALEXANDRA HOSPITAL NHS TRUST",1230,15,280,315,300,320,*,1,23,26,24,26,*
I00743,RCX,"THE QUEEN ELIZABETH HOSPITAL, KING'S LYNN, NHS FOUNDATION TRUST",1370,235,480,515,105,35,*,17,35,38,8,3,*
I00743,RFR,"THE ROTHERHAM NHS FOUNDATION TRUST",1170,510,265,165,180,45,*,44,23,14,15,4,*
I00743,RL4,"THE ROYAL WOLVERHAMPTON NHS TRUST",2245,780,460,355,420,195,35,35,20,16,19,9,2
I00743,RXW,"THE SHREWSBURY AND TELFORD HOSPITAL NHS TRUST",2295,275,445,595,505,240,240,12,19,26,22,10,10
I00743,RA9,"TORBAY AND SOUTH DEVON NHS FOUNDATION TRUST",1675,245,500,440,290,195,*,15,30,26,17,12,*
I00743,RWD,"UNITED LINCOLNSHIRE HOSPITALS NHS TRUST",2880,605,660,675,580,350,10,21,23,23,20,12,0
I00743,RRV,"UNIVERSITY COLLEGE LONDON HOSPITALS NHS FOUNDATION TRUST",990,195,305,240,130,115,10,20,31,24,13,12,1
I00743,RHM,"UNIVERSITY HOSPITAL SOUTHAMPTON NHS FOUNDATION TRUST",2410,290,460,500,590,545,20,12,19,21,24,23,1
I00743,RRK,"UNIVERSITY HOSPITALS BIRMINGHAM NHS FOUNDATION TRUST",5815,2310,1080,945,675,720,85,40,19,16,12,12,1
I00743,RA7,"UNIVERSITY HOSPITALS BRISTOL AND WESTON NHS FOUNDATION TRUST",2080,445,380,335,550,345,20,21,18,16,26,17,1
I00743,RKB,"UNIVERSITY HOSPITALS COVENTRY AND WARWICKSHIRE NHS TRUST",2495,475,505,520,535,435,20,19,20,21,21,17,1
I00743,R0D,"UNIVERSITY HOSPITALS DORSET NHS FOUNDATION TRUST",3065,220,435,690,815,895,10,7,14,23,27,29,0
I00743,RTG,"UNIVERSITY HOSPITALS OF DERBY AND BURTON NHS FOUNDATION TRUST",3665,590,605,860,790,820,*,16,17,23,22,22,*
I00743,RWE,"UNIVERSITY HOSPITALS OF LEICESTER NHS TRUST",3630,535,705,695,855,810,35,15,19,19,24,22,1
I00743,RTX,"UNIVERSITY HOSPITALS OF MORECAMBE BAY NHS FOUNDATION TRUST",1615,305,270,345,440,245,10,19,17,21,27,15,1
I00743,RJE,"UNIVERSITY HOSPITALS OF NORTH MIDLANDS NHS TRUST",3445,840,685,660,700,525,40,24,20,19,20,15,1
I00743,RK9,"UNIVERSITY HOSPITALS PLYMOUTH NHS TRUST",2375,395,735,570,410,265,*,17,31,24,17,11,*
I00743,RYR,"UNIVERSITY HOSPITALS SUSSEX NHS FOUNDATION TRUST",4590,370,680,1205,1235,1040,60,8,15,26,27,23,1
I00743,RBK,"WALSALL HEALTHCARE NHS TRUST",1315,570,225,190,160,125,45,43,17,14,12,10,3
I00743,RWW,"WARRINGTON AND HALTON TEACHING HOSPITALS NHS FOUNDATION TRUST",1070,325,150,105,255,225,*,30,14,10,24,21,*
I00743,RWG,"WEST HERTFORDSHIRE TEACHING HOSPITALS NHS TRUST",1655,15,195,400,355,680,15,1,12,24,21,41,1
I00743,RGR,"WEST SUFFOLK NHS FOUNDATION TRUST",1295,35,255,470,335,175,25,3,20,36,26,14,2
I00743,RKE,"WHITTINGTON HEALTH NHS TRUST",470,100,145,125,60,35,*,21,31,27,13,7,*
I00743,RBL,"WIRRAL UNIVERSITY TEACHING HOSPITAL NHS FOUNDATION TRUST",1835,615,320,300,315,275,15,34,17,16,17,15,1
I00743,RWP,"WORCESTERSHIRE ACUTE HOSPITALS NHS TRUST",2455,300,445,625,585,495,10,12,18,25,24,20,0
I00743,RRF,"WRIGHTINGTON, WIGAN AND LEIGH NHS FOUNDATION TRUST",1345,465,300,170,230,180,*,35,22,13,17,13,*
I00743,RLQ,"WYE VALLEY NHS TRUST",1095,75,165,375,250,60,170,7,15,34,23,5,16
I00743,RA4,"YEOVIL DISTRICT HOSPITAL NHS FOUNDATION TRUST",1040,60,135,415,320,105,*,6,13,40,31,10,*
I00743,RCB,"YORK AND SCARBOROUGH TEACHING HOSPITALS NHS FOUNDATION TRUST",2715,335,400,560,550,855,*,12,15,21,20,31,*
