INDICATOR_CODE,PROVIDER_CODE,PROVIDER_NAME,DENOMINATOR,Q1_NUMERATOR,Q2_NUMERATOR,Q3_NUMERATOR,Q4_NUMERATOR,Q5_NUMERATOR,NULL_NUMERATOR,Q1_RATE,Q2_RATE,Q3_RATE,Q4_RATE,Q5_RATE,NULL_RATE
I00742,ENG,"ENGLAND",8069554,1868255,1666327,1538637,1434838,1307071,254426,23.2,20.6,19.1,17.8,16.2,3.2
I00742,RCF,"AIREDALE NHS FOUNDATION TRUST",29215,7305,3775,6400,6410,5200,130,25.0,12.9,21.9,21.9,17.8,0.4
I00742,RTK,"ASHFORD AND ST PETER'S HOSPITALS NHS FOUNDATION TRUST",42325,325,6225,8930,11040,15580,225,0.8,14.7,21.1,26.1,36.8,0.5
I00742,RF4,"BARKING, HAVERING AND REDBRIDGE UNIVERSITY HOSPITALS NHS TRUST",72695,12555,17730,18365,9775,6990,7280,17.3,24.4,25.3,13.4,9.6,10.0
I00742,RFF,"BARNSLEY HOSPITAL NHS FOUNDATION TRUST",40715,15615,9445,6030,4270,1935,3425,38.4,23.2,14.8,10.5,4.8,8.4
I00742,R1H,"BARTS HEALTH NHS TRUST",139680,35230,62530,21100,10860,6600,3365,25.2,44.8,15.1,7.8,4.7,2.4
I00742,RC9,"BEDFORDSHIRE HOSPITALS NHS FOUNDATION TRUST",98190,17120,22940,19330,18110,19325,1365,17.4,23.4,19.7,18.4,19.7,1.4
I00742,RXL,"BLACKPOOL TEACHING HOSPITALS NHS FOUNDATION TRUST",49655,19215,11320,6815,7865,4005,440,38.7,22.8,13.7,15.8,8.1,0.9
I00742,RMC,"BOLTON NHS FOUNDATION TRUST",55355,27595,9430,5745,7060,5030,495,49.9,17.0,10.4,12.8,9.1,0.9
I00742,RAE,"BRADFORD TEACHING HOSPITALS NHS FOUNDATION TRUST",73195,42105,16145,6220,4220,1795,2715,57.5,22.1,8.5,5.8,2.5,3.7
I00742,RXQ,"BUCKINGHAMSHIRE HEALTHCARE NHS TRUST",57905,555,7595,8980,15430,25175,170,1.0,13.1,15.5,26.6,43.5,0.3
I00742,RWY,"CALDERDALE AND HUDDERSFIELD NHS FOUNDATION TRUST",57465,18305,12535,10970,9635,4705,1320,31.9,21.8,19.1,16.8,8.2,2.3
I00742,RGT,"CAMBRIDGE UNIVERSITY HOSPITALS NHS FOUNDATION TRUST",28340,1100,2840,6580,8180,9450,190,3.9,10.0,23.2,28.9,33.3,0.7
I00742,RQM,"CHELSEA AND WESTMINSTER HOSPITAL NHS FOUNDATION TRUST",82405,7105,21125,20450,12015,7850,13855,8.6,25.6,24.8,14.6,9.5,16.8
I00742,RFS,"CHESTERFIELD ROYAL HOSPITAL NHS FOUNDATION TRUST",46135,9910,11035,8285,6840,7410,2660,21.5,23.9,18.0,14.8,16.1,5.8
I00742,RJR,"COUNTESS OF CHESTER HOSPITAL NHS FOUNDATION TRUST",43800,8400,5695,4410,7385,8840,9065,19.2,13.0,10.1,16.9,20.2,20.7
I00742,RXP,"COUNTY DURHAM AND DARLINGTON NHS FOUNDATION TRUST",76850,25010,21210,11415,10350,8375,490,32.5,27.6,14.9,13.5,10.9,0.6
I00742,RJ6,"CROYDON HEALTH SERVICES NHS TRUST",28565,5900,9325,6155,4120,2285,780,20.7,32.6,21.5,14.4,8.0,2.7
I00742,RN7,"DARTFORD AND GRAVESHAM NHS TRUST",52640,8210,12095,13685,10215,8140,300,15.6,23.0,26.0,19.4,15.5,0.6
I00742,RP5,"DONCASTER AND BASSETLAW TEACHING HOSPITALS NHS FOUNDATION TRUST",57210,22190,12185,9910,8975,3410,545,38.8,21.3,17.3,15.7,6.0,1.0
I00742,RBD,"DORSET COUNTY HOSPITAL NHS FOUNDATION TRUST",26385,2875,5130,8750,7505,2025,105,10.9,19.4,33.2,28.4,7.7,0.4
I00742,RWH,"EAST AND NORTH HERTFORDSHIRE NHS TRUST",51275,1560,8140,12560,9140,14580,5295,3.0,15.9,24.5,17.8,28.4,10.3
I00742,RJN,"EAST CHESHIRE NHS TRUST",13110,755,2475,1990,2975,4850,60,5.8,18.9,15.2,22.7,37.0,0.5
I00742,RVV,"EAST KENT HOSPITALS UNIVERSITY NHS FOUNDATION TRUST",94095,22130,20410,22480,20400,8035,640,23.5,21.7,23.9,21.7,8.5,0.7
I00742,RXR,"EAST LANCASHIRE HOSPITALS NHS TRUST",78860,39010,15745,8095,10425,5215,370,49.5,20.0,10.3,13.2,6.6,0.5
I00742,RDE,"EAST SUFFOLK AND NORTH ESSEX NHS FOUNDATION TRUST",95915,17335,17325,24780,17565,14500,4410,18.1,18.1,25.8,18.3,15.1,4.6
I00742,RXC,"EAST SUSSEX HEALTHCARE NHS TRUST",57550,12585,12840,15270,11660,4905,290,21.9,22.3,26.5,20.3,8.5,0.5
I00742,RVR,"EPSOM AND ST HELIER UNIVERSITY HOSPITALS NHS TRUST",40165,1515,6335,5345,10700,15925,350,3.8,15.8,13.3,26.6,39.6,0.9
I00742,RDU,"FRIMLEY HEALTH NHS FOUNDATION TRUST",97445,2770,16175,17650,19365,40260,1225,2.8,16.6,18.1,19.9,41.3,1.3
I00742,RR7,"GATESHEAD HEALTH NHS FOUNDATION TRUST",29155,10225,8420,4090,4080,2055,285,35.1,28.9,14.0,14.0,7.0,1.0
I00742,RLT,"GEORGE ELIOT HOSPITAL NHS TRUST",23885,4495,6640,5210,4725,2665,150,18.8,27.8,21.8,19.8,11.2,0.6
I00742,RTE,"GLOUCESTERSHIRE HOSPITALS NHS FOUNDATION TRUST",100825,11575,12295,24780,24170,26460,1545,11.5,12.2,24.6,24.0,26.2,1.5
I00742,RN3,"GREAT WESTERN HOSPITALS NHS FOUNDATION TRUST",55375,6910,6405,10540,18835,12310,370,12.5,11.6,19.0,34.0,22.2,0.7
I00742,RJ1,"GUY'S AND ST THOMAS' NHS FOUNDATION TRUST",94945,17215,34045,18295,12175,10260,2955,18.1,35.9,19.3,12.8,10.8,3.1
I00742,RN5,"HAMPSHIRE HOSPITALS NHS FOUNDATION TRUST",69450,940,10285,11495,17910,28350,470,1.4,14.8,16.6,25.8,40.8,0.7
I00742,RCD,"HARROGATE AND DISTRICT NHS FOUNDATION TRUST",24155,630,930,5035,8535,8930,100,2.6,3.9,20.8,35.3,37.0,0.4
I00742,RQX,"HOMERTON UNIVERSITY HOSPITAL NHS FOUNDATION TRUST",40460,14610,19005,3605,1120,615,1505,36.1,47.0,8.9,2.8,1.5,3.7
I00742,RWA,"HULL UNIVERSITY TEACHING HOSPITALS NHS TRUST",64800,22315,11640,9325,11015,10150,350,34.4,18.0,14.4,17.0,15.7,0.5
I00742,RYJ,"IMPERIAL COLLEGE HEALTHCARE NHS TRUST",92100,18060,27935,19975,13755,7955,4420,19.6,30.3,21.7,14.9,8.6,4.8
I00742,R1F,"ISLE OF WIGHT NHS TRUST",19170,2840,7330,4680,3510,670,135,14.8,38.2,24.4,18.3,3.5,0.7
I00742,RGP,"JAMES PAGET UNIVERSITY HOSPITALS NHS FOUNDATION TRUST",28500,9205,7160,7470,2820,1525,315,32.3,25.1,26.2,9.9,5.4,1.1
I00742,RNQ,"KETTERING GENERAL HOSPITAL NHS FOUNDATION TRUST",42080,6740,9655,7580,8845,6905,2355,16.0,22.9,18.0,21.0,16.4,5.6
I00742,RJZ,"KING'S COLLEGE HOSPITAL NHS FOUNDATION TRUST",90540,13545,21215,15665,14970,14585,10565,15.0,23.4,17.3,16.5,16.1,11.7
I00742,RAX,"KINGSTON HOSPITAL NHS FOUNDATION TRUST",56695,1210,5060,9535,15300,24730,860,2.1,8.9,16.8,27.0,43.6,1.5
I00742,RXN,"LANCASHIRE TEACHING HOSPITALS NHS FOUNDATION TRUST",69610,17405,13840,9990,14805,12690,885,25.0,19.9,14.4,21.3,18.2,1.3
I00742,RR8,"LEEDS TEACHING HOSPITALS NHS TRUST",93770,36920,12880,14985,16040,12025,920,39.4,13.7,16.0,17.1,12.8,1.0
I00742,RJ2,"LEWISHAM AND GREENWICH NHS TRUST",85190,17850,31190,19210,10465,5600,875,21.0,36.6,22.5,12.3,6.6,1.0
I00742,REM,"LIVERPOOL UNIVERSITY HOSPITALS NHS FOUNDATION TRUST",91265,55310,12125,9060,8925,3155,2690,60.6,13.3,9.9,9.8,3.5,2.9
I00742,R1K,"LONDON NORTH WEST UNIVERSITY HEALTHCARE NHS TRUST",95435,12120,28245,29910,17095,7025,1040,12.7,29.6,31.3,17.9,7.4,1.1
I00742,RWF,"MAIDSTONE AND TUNBRIDGE WELLS NHS TRUST",84040,4785,10800,20625,21590,25815,425,5.7,12.9,24.5,25.7,30.7,0.5
I00742,R0A,"MANCHESTER UNIVERSITY NHS FOUNDATION TRUST",166135,75260,32910,18805,19380,16605,3175,45.3,19.8,11.3,11.7,10.0,1.9
I00742,RPA,"MEDWAY NHS FOUNDATION TRUST",52910,14060,14455,9715,7925,4880,1880,26.6,27.3,18.4,15.0,9.2,3.6
I00742,RAJ,"MID AND SOUTH ESSEX NHS FOUNDATION TRUST",170650,22440,38070,33510,36410,35890,4325,13.1,22.3,19.6,21.3,21.0,2.5
I00742,RBT,"MID CHESHIRE HOSPITALS NHS FOUNDATION TRUST",51200,8640,9045,8260,10260,11405,3590,16.9,17.7,16.1,20.0,22.3,7.0
I00742,RXF,"MID YORKSHIRE HOSPITALS NHS TRUST",74430,26640,16280,10985,10020,3970,6535,35.8,21.9,14.8,13.5,5.3,8.8
I00742,RD8,"MILTON KEYNES UNIVERSITY HOSPITAL NHS FOUNDATION TRUST",37010,4095,5385,5795,11070,6555,4110,11.1,14.6,15.7,29.9,17.7,11.1
I00742,RM1,"NORFOLK AND NORWICH UNIVERSITY HOSPITALS NHS FOUNDATION TRUST",75765,10090,13165,21230,15270,10520,5485,13.3,17.4,28.0,20.2,13.9,7.2
I00742,RVJ,"NORTH BRISTOL NHS TRUST",83015,12240,15150,14880,17150,21270,2325,14.7,18.2,17.9,20.7,25.6,2.8
I00742,RNN,"NORTH CUMBRIA INTEGRATED CARE NHS FOUNDATION TRUST",41810,8090,10440,8560,6810,4615,3295,19.3,25.0,20.5,16.3,11.0,7.9
I00742,RAP,"NORTH MIDDLESEX UNIVERSITY HOSPITAL NHS TRUST",33940,13095,10880,4300,3045,730,1890,38.6,32.1,12.7,9.0,2.2,5.6
I00742,RVW,"NORTH TEES AND HARTLEPOOL NHS FOUNDATION TRUST",48390,22465,8225,4945,6625,5900,230,46.4,17.0,10.2,13.7,12.2,0.5
I00742,RGN,"NORTH WEST ANGLIA NHS FOUNDATION TRUST",71645,11830,10065,17125,14890,14400,3335,16.5,14.0,23.9,20.8,20.1,4.7
I00742,RNS,"NORTHAMPTON GENERAL HOSPITAL NHS TRUST",66990,11990,13225,11020,16215,13530,1010,17.9,19.7,16.5,24.2,20.2,1.5
I00742,RM3,"NORTHERN CARE ALLIANCE NHS FOUNDATION TRUST",118845,59325,24715,13690,13145,6845,1130,49.9,20.8,11.5,11.1,5.8,1.0
I00742,RBZ,"NORTHERN DEVON HEALTHCARE NHS TRUST",26345,2755,10170,6870,5175,1210,160,10.5,38.6,26.1,19.6,4.6,0.6
I00742,RJL,"NORTHERN LINCOLNSHIRE AND GOOLE NHS FOUNDATION TRUST",54650,17175,10920,9545,10380,6430,205,31.4,20.0,17.5,19.0,11.8,0.4
I00742,RTF,"NORTHUMBRIA HEALTHCARE NHS FOUNDATION TRUST",81015,21190,18555,13015,11840,12790,3620,26.2,22.9,16.1,14.6,15.8,4.5
I00742,RX1,"NOTTINGHAM UNIVERSITY HOSPITALS NHS TRUST",134850,40110,24355,21280,20175,27180,1750,29.7,18.1,15.8,15.0,20.2,1.3
I00742,RTH,"OXFORD UNIVERSITY HOSPITALS NHS FOUNDATION TRUST",113105,6205,10685,19015,30940,44635,1630,5.5,9.4,16.8,27.4,39.5,1.4
I00742,RHU,"PORTSMOUTH HOSPITALS UNIVERSITY NATIONAL HEALTH SERVICE TRUST",77455,14235,14610,15120,13245,16935,3310,18.4,18.9,19.5,17.1,21.9,4.3
I00742,RHW,"ROYAL BERKSHIRE NHS FOUNDATION TRUST",61835,2565,8465,8015,9940,25455,7395,4.1,13.7,13.0,16.1,41.2,12.0
I00742,REF,"ROYAL CORNWALL HOSPITALS NHS TRUST",58125,9670,22235,16160,8225,1355,485,16.6,38.3,27.8,14.2,2.3,0.8
I00742,RH8,"ROYAL DEVON AND EXETER NHS FOUNDATION TRUST",55870,2355,10355,17685,12910,11090,1475,4.2,18.5,31.7,23.1,19.8,2.6
I00742,RAL,"ROYAL FREE LONDON NHS FOUNDATION TRUST",98600,8810,22145,26260,23595,13645,4150,8.9,22.5,26.6,23.9,13.8,4.2
I00742,RA2,"ROYAL SURREY COUNTY HOSPITAL NHS FOUNDATION TRUST",47035,710,2635,6460,11345,22700,3185,1.5,5.6,13.7,24.1,48.3,6.8
I00742,RD1,"ROYAL UNITED HOSPITALS BATH NHS FOUNDATION TRUST",56205,2875,7700,14560,13935,16660,470,5.1,13.7,25.9,24.8,29.6,0.8
I00742,RNZ,"SALISBURY NHS FOUNDATION TRUST",33120,1240,3610,10770,8135,9130,235,3.7,10.9,32.5,24.6,27.6,0.7
I00742,RXK,"SANDWELL AND WEST BIRMINGHAM HOSPITALS NHS TRUST",53140,32925,9935,5320,1485,590,2885,62.0,18.7,10.0,2.8,1.1,5.4
I00742,RHQ,"SHEFFIELD TEACHING HOSPITALS NHS FOUNDATION TRUST",99555,39460,14480,16800,14510,13655,660,39.6,14.5,16.9,14.6,13.7,0.7
I00742,RK5,"SHERWOOD FOREST HOSPITALS NHS FOUNDATION TRUST",56415,18085,14510,11580,7275,4505,460,32.1,25.7,20.5,12.9,8.0,0.8
I00742,RH5,"SOMERSET NHS FOUNDATION TRUST",48970,6420,12360,16035,9130,4705,320,13.1,25.2,32.7,18.6,9.6,0.7
I00742,RTR,"SOUTH TEES HOSPITALS NHS FOUNDATION TRUST",70500,26525,11385,9925,13460,8805,395,37.6,16.1,14.1,19.1,12.5,0.6
I00742,R0B,"SOUTH TYNESIDE AND SUNDERLAND NHS FOUNDATION TRUST",72235,32785,16855,8080,6730,3575,4210,45.4,23.3,11.2,9.3,4.9,5.8
I00742,RJC,"SOUTH WARWICKSHIRE NHS FOUNDATION TRUST",37895,570,2885,7635,13325,13065,415,1.5,7.6,20.1,35.2,34.5,1.1
I00742,RVY,"SOUTHPORT AND ORMSKIRK HOSPITAL NHS TRUST",31865,6790,4060,8615,6075,5585,735,21.3,12.7,27.0,19.1,17.5,2.3
I00742,RJ7,"ST GEORGE'S UNIVERSITY HOSPITALS NHS FOUNDATION TRUST",64835,3740,14450,16890,14730,13190,1840,5.8,22.3,26.1,22.7,20.3,2.8
I00742,RBN,"ST HELENS AND KNOWSLEY TEACHING HOSPITALS NHS TRUST",71670,37270,12260,9720,6985,4540,900,52.0,17.1,13.6,9.7,6.3,1.3
I00742,RWJ,"STOCKPORT NHS FOUNDATION TRUST",49170,10880,10380,7860,8790,10890,370,22.1,21.1,16.0,17.9,22.1,0.8
I00742,RTP,"SURREY AND SUSSEX HEALTHCARE NHS TRUST",47375,810,7700,11060,10930,14685,2190,1.7,16.3,23.3,23.1,31.0,4.6
I00742,RMP,"TAMESIDE AND GLOSSOP INTEGRATED CARE NHS FOUNDATION TRUST",33905,16595,6920,5725,3025,1485,155,48.9,20.4,16.9,8.9,4.4,0.5
I00742,RNA,"THE DUDLEY GROUP NHS FOUNDATION TRUST",55770,20880,12085,7535,8155,6615,510,37.4,21.7,13.5,14.6,11.9,0.9
I00742,RAS,"THE HILLINGDON HOSPITALS NHS FOUNDATION TRUST",35155,2620,14255,7945,5125,4840,370,7.5,40.5,22.6,14.6,13.8,1.1
I00742,RTD,"THE NEWCASTLE UPON TYNE HOSPITALS NHS FOUNDATION TRUST",100035,35000,18870,13785,11570,13750,7055,35.0,18.9,13.8,11.6,13.7,7.1
I00742,RQW,"THE PRINCESS ALEXANDRA HOSPITAL NHS TRUST",51525,1160,12715,12690,10510,10265,4175,2.3,24.7,24.6,20.4,19.9,8.1
I00742,RCX,"THE QUEEN ELIZABETH HOSPITAL, KING'S LYNN, NHS FOUNDATION TRUST",42695,8850,15690,13790,2515,1735,115,20.7,36.7,32.3,5.9,4.1,0.3
I00742,RFR,"THE ROTHERHAM NHS FOUNDATION TRUST",39975,17200,9115,5435,6310,1695,225,43.0,22.8,13.6,15.8,4.2,0.6
I00742,RL4,"THE ROYAL WOLVERHAMPTON NHS TRUST",74945,29545,14025,9650,10775,5165,5785,39.4,18.7,12.9,14.4,6.9,7.7
I00742,RXW,"THE SHREWSBURY AND TELFORD HOSPITAL NHS TRUST",63435,8710,13680,15325,13220,6735,5765,13.7,21.6,24.2,20.8,10.6,9.1
I00742,RA9,"TORBAY AND SOUTH DEVON NHS FOUNDATION TRUST",42395,7980,11510,10880,7595,4185,245,18.8,27.1,25.7,17.9,9.9,0.6
I00742,RWD,"UNITED LINCOLNSHIRE HOSPITALS NHS TRUST",67060,13730,16690,13525,13360,9120,630,20.5,24.9,20.2,19.9,13.6,0.9
I00742,RRV,"UNIVERSITY COLLEGE LONDON HOSPITALS NHS FOUNDATION TRUST",70105,12045,20910,15475,10395,8875,2410,17.2,29.8,22.1,14.8,12.7,3.4
I00742,RHM,"UNIVERSITY HOSPITAL SOUTHAMPTON NHS FOUNDATION TRUST",89515,14100,18205,17875,18355,19415,1560,15.8,20.3,20.0,20.5,21.7,1.7
I00742,RRK,"UNIVERSITY HOSPITALS BIRMINGHAM NHS FOUNDATION TRUST",183465,84135,30070,25025,17580,17185,9475,45.9,16.4,13.6,9.6,9.4,5.2
I00742,RA7,"UNIVERSITY HOSPITALS BRISTOL AND WESTON NHS FOUNDATION TRUST",82490,20100,15320,13990,18680,12660,1735,24.4,18.6,17.0,22.6,15.3,2.1
I00742,RKB,"UNIVERSITY HOSPITALS COVENTRY AND WARWICKSHIRE NHS TRUST",98115,21535,22845,21220,17460,13855,1200,21.9,23.3,21.6,17.8,14.1,1.2
I00742,R0D,"UNIVERSITY HOSPITALS DORSET NHS FOUNDATION TRUST",87560,8300,15285,20000,21635,21385,955,9.5,17.5,22.8,24.7,24.4,1.1
I00742,RTG,"UNIVERSITY HOSPITALS OF DERBY AND BURTON NHS FOUNDATION TRUST",112045,22680,17635,24210,22370,24170,985,20.2,15.7,21.6,20.0,21.6,0.9
I00742,RWE,"UNIVERSITY HOSPITALS OF LEICESTER NHS TRUST",130600,22220,26470,21955,28695,27065,4190,17.0,20.3,16.8,22.0,20.7,3.2
I00742,RTX,"UNIVERSITY HOSPITALS OF MORECAMBE BAY NHS FOUNDATION TRUST",45100,10405,7675,9755,11415,5435,405,23.1,17.0,21.6,25.3,12.1,0.9
I00742,RJE,"UNIVERSITY HOSPITALS OF NORTH MIDLANDS NHS TRUST",118170,33755,23520,20185,20865,17110,2740,28.6,19.9,17.1,17.7,14.5,2.3
I00742,RK9,"UNIVERSITY HOSPITALS PLYMOUTH NHS TRUST",65185,14200,19035,14110,11310,6195,345,21.8,29.2,21.6,17.4,9.5,0.5
I00742,RYR,"UNIVERSITY HOSPITALS SUSSEX NHS FOUNDATION TRUST",134130,12485,20320,37215,33050,27965,3085,9.3,15.1,27.7,24.6,20.8,2.3
I00742,RBK,"WALSALL HEALTHCARE NHS TRUST",59230,30380,9035,5835,4620,3460,5900,51.3,15.3,9.9,7.8,5.8,10.0
I00742,RWW,"WARRINGTON AND HALTON TEACHING HOSPITALS NHS FOUNDATION TRUST",32815,10680,5630,3160,6840,6220,290,32.5,17.2,9.6,20.8,19.0,0.9
I00742,RWG,"WEST HERTFORDSHIRE TEACHING HOSPITALS NHS TRUST",57110,1280,7265,13685,11495,18850,4540,2.2,12.7,24.0,20.1,33.0,7.9
I00742,RGR,"WEST SUFFOLK NHS FOUNDATION TRUST",32670,1085,5955,11450,8810,4315,1055,3.3,18.2,35.0,27.0,13.2,3.2
I00742,RKE,"WHITTINGTON HEALTH NHS TRUST",24850,5865,8785,5360,2980,1390,470,23.6,35.4,21.6,12.0,5.6,1.9
I00742,RBL,"WIRRAL UNIVERSITY TEACHING HOSPITAL NHS FOUNDATION TRUST",60345,24045,9450,8925,8970,7315,1645,39.8,15.7,14.8,14.9,12.1,2.7
I00742,RWP,"WORCESTERSHIRE ACUTE HOSPITALS NHS TRUST",66145,10305,11210,16085,15315,12560,665,15.6,16.9,24.3,23.2,19.0,1.0
I00742,RRF,"WRIGHTINGTON, WIGAN AND LEIGH NHS FOUNDATION TRUST",41765,15185,7680,5780,6840,5840,435,36.4,18.4,13.8,16.4,14.0,1.0
I00742,RLQ,"WYE VALLEY NHS TRUST",27085,2310,4805,9125,5520,1540,3780,8.5,17.7,33.7,20.4,5.7,14.0
I00742,RA4,"YEOVIL DISTRICT HOSPITAL NHS FOUNDATION TRUST",28090,1960,4320,10755,7775,3080,195,7.0,15.4,38.3,27.7,11.0,0.7
I00742,RCB,"YORK AND SCARBOROUGH TEACHING HOSPITALS NHS FOUNDATION TRUST",82915,11350,12780,16320,17045,24620,795,13.7,15.4,19.7,20.6,29.7,1.0
